Unnamed: 0,Unnamed: 1,Unnamed: 2,Unnamed: 3,Unnamed: 4,Unnamed: 5,Unnamed: 6,Unnamed: 7,Unnamed: 8,Unnamed: 9,Unnamed: 10,Unnamed: 11,Unnamed: 12,Unnamed: 13,Unnamed: 14,Unnamed: 15,Unnamed: 16,Unnamed: 17,Unnamed: 18,Unnamed: 19,Unnamed: 20,Unnamed: 21,Unnamed: 22,Unnamed: 23,Unnamed: 24,Unnamed: 25
,Classe de Custo,Set/24,Out/24,Nov/24,Dez/24,Jan/25,Fev/25,Mar/25,Abr/25,Mai/25,Jun/25,Jul/25,Ago/25,Total Exer,,Classe de Custo,Set/25,Out/25,Nov/25,Dez/25,Jan/26,Total Exer,,,
,    70227051  Prestações-Servi,-253186.98,-255103.57,-255103.57,-270613.41,-257880.23,-257518.34,-253186.98,-253186.98,-440846.25,-294473.43,-294473.43,-321690,-3407263.17,,    70227051  Prestações-Servi,-303136.14,-294473.43,-303136.14,-303136.14,-289114.21,-1492996.06,,,
,    70227054  Prov. Fat.-Servi,0,0,0,0,0,-73186.4,-36593.2,-36593.2,146372.8,0,0,0,0,,    70227401  ISSQN s/Prest Se,15156.81,14723.67,15156.81,15156.81,14455.71,74649.81,,,
,    70227401  ISSQN s/Prest Se,12659.35,12755.18,12755.18,13530.67,12894.01,12875.92,12659.35,12659.35,22042.31,14723.67,14723.67,16084.51,170363.17,,    70227402  PIS s/ Prest Ser,5001.74,4858.81,5001.75,5001.75,4770.38,24634.43,,,
,    70227402  PIS s/ Prest Ser,4177.59,4209.21,4209.21,4465.12,4255.03,4249.05,4177.59,4177.59,7273.96,4858.81,4858.81,5307.87,56219.84,,    70227403  COFINS s/ Prest.,23038.35,22379.98,23038.35,23038.35,21972.68,113467.71,,,
,    70227403  COFINS s/ Prest.,19242.21,19387.87,19387.87,20566.62,19598.9,19571.4,19242.21,19242.21,33504.31,22379.98,22379.98,24448.45,258952.01,,,,,,,,,,,
,    70227406  ISS s/Prov.Fatur,0,0,0,0,0,3659.32,1829.66,1829.66,-7318.64,0,0,0,0,,,,,,,,,,,
,    70227407  PIS s/Prov.Fat.S,0,0,0,0,0,1207.58,603.78,603.79,-2415.15,0,0,0,0,,,,,,,,,,,
,    70227408  COFINS s/ProvFat,0,0,0,0,0,5562.17,2781.08,2781.08,-11124.33,0,0,0,0,,,,,,,,,,,
,*   Faturamento Líquido,-217107.83,-218751.31,-218751.31,-232051,-221132.29,-283579.3,-248486.51,-248486.5,-252510.99,-252510.97,-252510.97,-275849.17,-2921728.15,,*   Faturamento Líquido,-259939.24,-252510.97,-259939.23,-259939.23,-247915.44,-1280244.11,,,
,    60119003  Outros Créditos,0,0,0,0,0,0,0,-2.47,0,0,0,0,-2.47,,    60119001  Gêneros alimentí,0,0,0,225.92,0,225.92,,,
,    60119008  EstCred ICMS Pis,26.6,81.75,102.37,79.69,36.06,55.53,46.88,57.27,65.84,108.72,39.38,32.5,732.59,,    60119008  EstCred ICMS Pis,44.2,60.19,46.83,18.53,0,169.75,,,
,    60119014  Devol - Av. Déb.,0,-54.87,0,0,-640,0,0,-5.28,0,0,0,0,-700.15,,    60269012  Outros materiais,0,0,0,1085.65,0,1085.65,,,
,    60119025  Var. Est. Alim.,0,0,0,0,0,0,0,0,0,0,0,810,810,,    60119014  Devol - Av. Déb.,0,0,0,-897.5,0,-897.5,,,
,    60119035  PIS/COFINS CD,0,0,0,0,0,0,0,0,0,-34.6,0,0,-34.6,,    60119020  Outros Gêneros,-2401.52,0,0,0,0,-2401.52,,,
,    60249222  EPIs,682.99,0,1056.75,0,786.7,629.8,1158.12,1293.03,746.84,69.9,2077.87,343.8,8845.8,,    60249222  EPIs,591.74,1026.67,85.8,754.72,2253.89,4712.82,Média Mês,797.0824999999999,
,    60269231  Insumos de Desca,1354.85,410.69,279.95,1576.64,369.8,893.77,627.91,176.85,560.98,1426.33,723.97,335.86,8737.6,,    60269231  Insumos de Desca,0,397.81,420.76,0,1672.7,2491.27,,,
,    60229234  Insumos de Limpe,889.72,2317.32,4694.58,1018.64,2396.86,2114.04,1788.07,2959.55,4533.63,3891.62,1117.21,2678.03,30399.27,,    60229234  Insumos de Limpe,1450.01,3598.57,3246.89,827.96,1465.17,10588.6,,,
,    60229235  Insumos Manutenç,0,91.93,0,0,0,0,73.54,0,0,295.21,0,0,460.68,,    60229235  Insumos Manutenç,0,0,566.29,0,0,566.29,,,
,    60229237  Utensílios Limpe,496.13,242.49,242.49,323.32,323.32,1143.59,0,242.49,635.08,948.32,323.32,242.49,5163.04,,    60229237  Utensílios Limpe,0,0,0,0,502.36,502.36,,,
,    60279067  Gastos com CD,0,0,0,0,0,0,0,0,0,101.36,0,0,101.36,,,,,,,,,,,
,*   Consumo,3450.29,3089.31,6376.14,2998.29,3272.74,4836.73,3694.52,4721.44,6542.37,6806.86,4281.75,4442.68,54513.12,,*   Consumo,-315.57,5083.24,4366.57,2015.28,5894.12,17043.64,Média Mês,4145.7175,3348.6349999999998
,    64109387  Campanha Incenti,0,0,0,0,0,0,417,417,417,333,-834,666,1416,,    64109387  Campanha Incenti,0,-999,0,0,0,-999,,,
,    62869511  Transf Gest. Afa,0,0,0,0,0,0,0,1177.97,387.27,196.04,563.92,772.56,3097.76,,    62869511  Transf Gest. Afa,186.68,0,416.1,56.71,324.9,984.39,,,
,    64109301  Salarios e orden,75818.18,81535.05,79326.34,67405.12,75563.24,75703.47,74413.1,88248.76,86817.68,87645.55,90668.08,87667.75,970812.32,,    64109301  Salarios e orden,84410.56,91332.95,98328.81,80649.65,0,354721.97,,,
,    64109358  Assist Médica Si,1547.9,1480.6,1615.2,1615.2,1615.2,1654.01,1483.86,1589.85,1766.5,1731.17,1801.83,1837.16,19738.48,,    64109386  Teleterapia,0,0,0,1.55,1.55,3.1,,,
,    69109303  Partic nos lucro,1293.12,1320.06,1293.12,1293.12,1273.05,1188.18,1244.76,1414.5,1329.63,1442.79,1471.08,1584.24,16147.65,,    64109358  Assist Médica Si,1766.5,1731.17,1872.49,1907.82,0,7277.98,,,
,    64109344  Vale Refeição,243.81,-19.8,-10.56,-10.56,-25.02,-33.36,-58.38,-8.34,-55.6,-27.8,344.4,-13.9,324.89,,    69109303  Partic nos lucro,1414.5,2901.75,3072.79,2959.63,0,10348.67,,,
,    64109304  Gratificações,0,0,0,5358.62,0,3680.73,0,-800,0,0,0,-417,7822.35,,    64109344  Vale Refeição,-63.94,-50.04,-11.12,-26.41,0,-151.51,,,
,    64109305  Férias,6690.81,5511.17,7957.61,6926.1,11392.99,5773.35,6690.66,9050.57,8167.3,8100.27,9267.8,8323.4,93852.03,,    64109305  Férias,6030.8,8614.8,6462.13,7582.96,0,28690.69,,,
,    64109306  13 salário,7149.37,6537.12,7992.89,5613.63,7700.41,6789.46,7269.91,8418.56,8228.02,8337.75,10024.85,9018.02,93079.99,,    64109306  13 salário,7722.16,8894.8,9683.03,5292.3,0,31592.29,,,
,    64109307  Horas extras,3313.41,6424.72,12126.75,6867.51,4651.25,3107.01,3239.22,7228.67,7176.98,4065.71,21443.07,5051.93,84696.23,,    64109307  Horas extras,2481.2,4301.57,1500.93,5140.65,0,13424.35,,,
,    64109309  Indenizações,-927.5,-662.5,-2120,-1590,-3180,-7183.62,-2833.38,-915.84,-1717.2,-1803.06,-1717.2,-2862,-27512.3,,    64109309  Indenizações,-5094.36,0,-1717.2,-1717.2,0,-8528.76,,,
,    64109310  Aviso prévio,0,0,0,0,0,171.72,0,0,0,0,2058.14,0,2229.86,,    64109310  Aviso prévio,2918.09,0,0,0,0,2918.09,,,
,    64109312  Abono férias-con,2278.62,2599.46,2077.11,2884.14,3797.65,1669.73,2453.46,2027.99,2958.37,3426.35,3115.29,1756.51,31044.68,,    64109312  Abono férias-con,3028.25,2361.21,2584.14,1733.12,0,9706.72,,,
,    64509331  INSS,26673.15,28549.58,29585.45,22777.59,27552.52,23825.92,27018.76,33622.43,32067.81,32092.92,38905.83,30251.03,352922.99,,    64509331  INSS,27807.2,32760.72,33299.59,26054.2,0,119921.71,,,
,    64509332  FGTS,7615.95,7983.25,8053.57,7114.62,7610.91,6506.83,7519.51,9462.79,9190.01,9123.35,11118.47,8514.41,99813.67,,    64509332  FGTS,7878.47,8912.99,8927,7766.09,0,33484.55,,,
,    64509333  FGTS (Artigo 22),8.51,0,0,0,0,0,0,0,0,0,326.92,0,335.43,,    64509333  FGTS (Artigo 22),522.13,0,0,0,-122.78,399.35,,,
,    64109342  Cestas Básicas,5443.14,5624.09,6002.13,4937.62,6601.63,13885.43,13006.18,14627.16,16995.96,17629,17318.48,15485.59,137556.41,,    64109342  Cestas Básicas,15730.32,14759.18,15658.75,15058.71,7550.4,68757.36,,,
,    64109351  Assistências Méd,5395.42,3644.65,1420.5,3374.24,3438.77,3835.07,3155.17,3061.27,4619.74,3738.62,3276.96,3592.56,42552.97,,    64109351  Assistências Méd,3047.77,7112.5,5713.83,6682.11,11122.07,33678.28,,,
,    64109352  Convênio odonto,-3.33,-3.33,-3.33,-3.33,-3.33,-28,22.82,-35.3,-2.59,-16.59,-42,8.82,-109.49,,    64109352  Convênio odonto,-45.88,-7.77,-21.77,-23.06,101.64,3.16,,,
,    64109355  Seguros de vida,556.08,545.59,540.51,541.08,561.42,588.05,564.44,567.55,586.82,599.66,601.16,624.89,6877.25,,    64109355  Seguros de vida,615.43,671.17,684.77,665.5,0,2636.87,,,
,    64109356  Exames Médicos,1810.05,905.77,2992.28,823.36,1596.25,817.93,1392.62,1426.92,768.19,1179.72,1277.79,798.56,15789.44,,    64109356  Exames Médicos,4770.2,1631.1,1461.76,1336.86,0,9199.92,,,
,    64109371  Vale transporte,6692.82,9546.37,6540.82,6769.53,6781.42,4823.03,6591.39,6451.89,7411.74,7178.97,6840.89,7430.48,83059.35,,    64109371  Vale transporte,7680.33,8672.45,8389.88,7245.5,0,31988.16,,,
,    64109382  Auxílio creche,847.2,847.2,423.6,423.6,455.4,455.4,910.8,1366.2,1366.2,910.8,1821.6,910.8,10738.8,,    64109382  Auxílio creche,2277,1821.6,1821.6,1366.2,0,7286.4,,,
,    62119401  Pessoa física Te,0,0,0,0,0,118.58,0,0,0,0,0,0,118.58,,    62119402  Pessoa juríd Tem,0,125.84,122.08,0,0,247.92,,,
,    62119402  Pessoa juríd Tem,91.16,147.39,91.71,82.81,106.5,18.13,13158.2,6139.38,4169.17,3348.5,116.07,112.32,27581.34,,    64109357  Exames admission,0,28.08,0,0,0,28.08,,,
,    64109451  Reclam. Traballh,0,4200,0,0,0,0,0,0,0,0,0,0,4200,,    64109451  Reclam. Traballh,6782.34,0,0,19431.3,0,26213.64,,,
,    64109452  Custas Judic Tra,0,0,0,0,0,300,0,260,0,0,0,0,560,,    64109452  Custas Judic Tra,0,600,400,0,0,1000,,,
,    64109455  Prov. Conting Tr,0,5864.31,0,368.82,0,0,5042.07,1103.68,1464.2,0,7725.67,2880.06,24448.81,,    64109453  Honor. s/ Recl.,969.79,0,0,0,0,969.79,,,
,    64109456  Rever. Conting T,0,0,-5864.31,0,0,0,0,-252.1,0,0,0,0,-6116.41,,    64109454  Trib. s/ Recl.Tr,613.19,1365.75,0,0,5548.99,7527.93,,,
,    64109462  Pericias,0,800,0,2116.02,0,2477.82,1146.14,0,1956.44,0,0,0,8496.42,,    64109455  Prov. Conting Tr,0,0,0,4970.23,0,4970.23,,,
,    62869501  Transf interna c,0,0,0,0,0,0,0,0,0,4978.28,6274.1,0,11252.38,,    64109456  Rever. Conting T,-6782.34,0,0,-3273.75,0,-10056.09,,,
,    63109523  Taxas Sindicais,1192.42,1195.77,1115.32,1233.68,1295.12,1197.07,1054.67,1123.96,1276.56,1257.5,1310.75,1353.85,14606.67,,    64109462  Pericias,0,0,0,0,3500,3500,,,
,    64109318  Insalubridade/Pe,1041.8,1004.14,1041.8,1502.91,1380.34,1115.84,607.2,755.59,1140.17,1282.3,1679.49,1069.47,13621.05,,    62869501  Transf interna c,24590.03,-2927.3,-5854.6,17649.9,0,33458.03,,,
,,,,,,,,,,,,,,,,    63109523  Taxas Sindicais,1284.08,1247.66,1348.34,1559.24,0,5439.32,,,
,,,,,,,,,,,,,,,,    64109318  Insalubridade/Pe,234.18,607.2,607.2,607.2,0,2055.78,,,
,*   Pessoal,154772.09,175580.66,162198.51,148425.43,160165.72,152457.78,175510.18,197531.11,198486.37,196750.8,236759.44,186417.51,2145055.6,,*   Pessoal,202774.68,196470.38,194750.53,210677.01,28026.77,832699.37,,,
,    68109862  Inst/maq/aparl/e,1210.16,1250.51,1210.22,1250.53,1250.52,1129.6,1250.53,1210.15,1264.33,1242,1283.41,1283.39,14835.35,,    68109862  Inst/maq/aparl/e,1241.96,1283.39,1315.85,1378.77,1378.73,6598.7,,,
,    68109863  Móveis e utensíl,1308.09,1351.71,1308.1,1351.71,1351.71,1164.05,1288.73,1247.12,1288.69,1247.18,1288.71,1288.73,15484.53,,    68109863  Móveis e utensíl,1247.13,1288.73,1247.14,1286.89,1286.88,6356.77,,,
,    68109873  Contratos dir au,273.28,282.38,273.28,0,0,0,0,0,0,0,0,0,828.94,,    68169880  Inst. Máq. Equi.,-639.77,-661.06,-678.51,-711.11,-711.13,-3401.58,,,
,    68169880  Inst. Máq. Equi.,-623.1,-643.82,-623.14,-643.89,-643.9,-581.49,-643.84,-623.16,-651.08,-639.73,-661.15,-661.1,-7639.4,,    68169881  Móveis e utensíl,-1485.22,-1534.72,-1485.25,-1532.55,-1532.54,-7570.28,,,
,    68169876  Contra. dir. aut,16.12,-205.39,-273.28,0,0,0,0,0,0,0,0,0,-462.55,,    68109869  Transit Depr Esp,0,0,0,0,0,0,,,
,    68169881  Móveis e utensíl,1140.31,1167.82,256.57,-1570.24,-1550.46,-1386.24,-1534.74,-1485.21,-1533.09,-1485.25,-1534.73,-1534.73,-11049.99,,,,,,,,,,,
,    68109869  Transit Depr Esp,0,0,0,0,0,0,0,0,0,0,0,0,0,,,,,,,,,,,
,*   Depreciação,3324.86,3203.21,2151.75,388.11,407.87,325.92,360.68,348.9,368.85,364.2,376.24,376.29,11996.88,,*   Depreciação,364.1,376.34,399.23,422,421.94,1983.61,,,
,    62869839  Licenças Softwar,0,0,0,0,0,0,0,41.34,0,125.33,120.59,242.6,529.86,,    62869839  Licenças Softwar,260.35,823.79,614.1,583.16,183.15,2464.55,,,
,    61581000  SaaS IaaS PaaS,102.31,0,0,100.58,101.9,99.81,97.1,0.42,0.42,0.07,0.49,0,503.1,,    61581000  SaaS IaaS PaaS,0.07,6.63,0.21,18.14,9.63,34.68,,,
,    62869691  Limpeza e Desins,0,0,0,0,0,0,0,0,0,0,181.5,0,181.5,,    62869691  Limpeza e Desins,0,0,0,85.2,0,85.2,,,
,    62869690  Gastos Peq.Manut,0,0,0,0,99.8,0,0,60,0,319.5,0,0,479.3,,    62869690  Gastos Peq.Manut,0,65.6,299.8,228,389,982.4,,,
,    62869689  Serviços Subcont,0,0,0,0,0,0,17901.34,13376.55,10617.75,0,10164,0,52059.64,,    62869689  Serviços Subcont,0,0,0,6806.25,6624.74,13430.99,,,
,    60249221  Uniformes,0,3399.84,1642.37,0,0,0,0,0,0,1435.8,170.97,0,6648.98,,    60249221  Uniformes,2849.54,0,0,0,1332.36,4181.9,Média Mês,1749.0008333333328,
,    77519972  Vlr líqu bens ba,0,0,0,60.87,0,0,0,0,0,0,0,0,60.87,,    77529962  Vlr líqu bens ba,0,0,0,27.64,0,27.64,,,
,    77529962  Vlr líqu bens ba,0,0,0,0,0,1680.66,0,0,0,0,0,0,1680.66,,    68169964  Vlr líqu bens Bx,0,0,0,-27.64,0,-27.64,,,
,    68169964  Vlr líqu bens Bx,0,0,0,-60.87,0,-1680.66,0,0,0,0,0,0,-1741.53,,    62708601  Comissões/desp b,0.63,0.63,1.15,1.37,0,3.78,,,
,    66168552  Juros Outros,0,0.93,4116.28,0,0,0,8.09,0,0,0,0,0,4125.3,,    61529561  Manutenções pred,0,0,0,0,7405.2,7405.2,Média Mês,1362.2125,
,    62708601  Comissões/desp b,0.65,0.69,4.5,1.32,0.71,0.81,0.61,0.68,0.61,0.62,0.64,0.61,12.45,,    62869831  Outras despesas,0,92,-23,0,0,69,,,
,    61529561  Manutenções pred,5263.5,4328.77,1306.8,2958.45,2958.45,12907.29,0,0,0,0,0,0,29723.26,,    61359605  Locação equip TI,196.02,451.15,267.49,987.68,0,1902.34,,,
,    62869831  Outras despesas,0,0,0,0,0,0,0,0,0,5.97,0,0,5.97,,    61519611  Manutenção de in,4290.13,1031.01,1920.27,0,0,7241.41,,,
,    61359605  Locação equip TI,107.91,196.03,196.02,132.33,196.02,196.81,196.02,196.02,196.02,196.02,196.02,196.02,2201.24,,    61519612  Manutenção equip,0,1.51,0,0,0,1.51,,,
,    60669622  Aquisição utensí,0,0,0,0,0,0,0,0,0,188,0,0,188,,    62629701  Telefones,144.28,174.92,190.14,194.39,132.21,835.94,,,
,    60669624  Aquisição kit vi,0,0,0,0,0,0,0,0,0,240,0,0,240,,    62619702  Correios,42.43,0,39.45,0,0,81.88,,,
,    60669627  Aquis Mat Multis,0,0,0,0,0,99.5,0,0,0,0,0,0,99.5,,    62629706  Telecomunicações,0,149.9,0,299.8,0,449.7,,,
,    61519611  Manutenção de in,272.08,136.04,0,1497.29,136.04,0,812.13,136.04,4900.48,1905.66,3030.06,136.04,12961.86,,    60649744  Outros mats escr,0,0,0,34,0,34,,,
,    62629701  Telefones,226.35,143.07,164.45,176.36,149.84,125.99,78.73,118.91,145.6,130.32,125.8,130.54,1715.96,,    62569751  Ônibus e Táxi Vi,204.35,146.36,194.3,103.01,-103.01,545.01,,,
,    62619702  Correios,87.78,58.52,0,0,0,45.19,0,0,14.01,0,0,0,205.5,,    62569753  Reembolso KM,49.35,1183.04,740.6,573.49,846.4,3392.88,,,
,    60649744  Outros mats escr,0,0,993.33,3098.77,0,0,0,0,0,0,0,0,4092.1,,    62339755  Estadias e refei,0,0,0,0,190.65,190.65,,,
,    62569751  Ônibus e Táxi Vi,0,214.3,352.62,0,-21.29,0,0,25.54,74.47,0,532.11,67.99,1245.74,,    62569779  Pedágio,0,11.4,68.3,0,0,79.7,,,
,    62569753  Reembolso KM,516.43,972.07,0,0,766.11,884.52,565.32,368.5,521.7,516.11,221.19,221.19,5553.14,,    62569775  Cartão Combustív,0,1145.76,1038.78,1038.78,1039.78,4263.1,,,
,    62339755  Estadias e refei,0,0,0,0,14.26,0,0,0,5.18,30.21,0,0,49.65,,    62529753  Combustíveis,456.66,499.15,403.79,403.87,780.97,2544.44,,,
,    62569779  Pedágio,2.7,12,0,0,0,0,0,0,0,0,0,0,14.7,,    62299652  Advocacias,0,136.47,0,0,0,136.47,,,
,    62529753  Combustíveis,519.54,526.75,506.79,266.55,814.35,1003.31,961.24,895.36,385.12,835.09,423.98,100.3,7238.38,,    62869653  Consultorias,32.26,1256.94,41.16,41.13,11.37,1382.86,,,
,    62859791  Multas dedutívei,0.01,9.51,5287.11,0,0,0,41.2,0,5.96,0,0,0,5343.79,,    62109654  Consultorias inf,124.63,50.12,0,0,136.03,310.78,,,
,    62299652  Advocacias,0,0,0,210,0,0,0,0,0,0,0,0,210,,    62199681  Licenças,183.15,-183.15,0,0,0,0,,,
,    62869677  Cartórios,20,0,0,0,40,0,0,0,0,0,0,0,60,,    62869683  Treinamento pess,433.75,311.23,1864.04,1245.2,311.3,4165.52,,,
,    62869653  Consultorias,161.36,24.14,29.18,49.88,240.92,26.37,190.3,32.51,549.25,170.54,640.93,453.1,2568.48,,    62869686  Confraternizaçõe,157.19,99,0,0,0,256.19,,,
,    62109654  Consultorias inf,32.56,44.43,38.61,38.7,44.91,34.49,34.5,28.67,41.29,37.64,37.77,44.19,457.76,,    62209808  Interco - Outros,0,0,28.54,0,0,28.54,,,
,    62199681  Licenças,123.94,123.94,123.94,123.94,123.94,123.94,123.94,123.94,123.94,123.94,123.94,123.94,1487.28,,    62869502  Transf interna c,16.88,25.47,30.99,98.19,0,171.53,,,
,    62869683  Treinamento pess,888.98,577.62,507.15,0,579.89,686.06,645.92,686.06,670.88,605.74,1277.18,928.19,8053.67,,    62319721  Brindes,0,0,3174.53,0,0,3174.53,,,
,    62869686  Confraternizaçõe,98.89,0,0,0,152.32,0,0,355.47,0,0,0,0,606.68,,    60669641  Ordens Tangível,0,0,0,0,0,0,,,
,    62209808  Interco - Outros,0,0,0,0,35.72,0,0,0,0,0,33.18,0,68.9,,,,,,,,,,,
,    60669641  Ordens Tangível,0,0,0,0,0,0,0,0,0,0,0,0,0,,,,,,,,,,,
,*   Outras Despesas,8424.99,10768.65,15269.15,8654.17,6433.89,16234.09,21656.44,16446.01,18252.68,6866.56,17280.35,2644.71,148931.69,,*   Outras Despesas,9441.67,7478.93,10894.64,12741.66,19289.78,59846.68,,,
,    70908052  Descto Financ.Fo,-591.6,-667.42,-1248.88,-1246.69,-635.66,-583.85,-488.3,-604.89,-1017.81,-1106.8,-628.13,-849.02,-9669.05,,    70908052  Descto Financ.Fo,-616.45,-794.65,-1225.01,-146.34,-855.53,-3637.98,,,
,    70908054  Bonificação Inte,-15.21,-14.37,-29.49,-31.6,-17.27,-16.7,-13.65,-15.12,-26.05,-28.61,-15.44,-0.38,-223.89,,    70908054  Bonificação Inte,-19.04,-22.89,-38.81,-4.95,0,-85.69,,,
,*   Bonificação,-606.81,-681.79,-1278.37,-1278.29,-652.93,-600.55,-501.95,-620.01,-1043.86,-1135.41,-643.57,-849.4,-9892.94,,*   Bonificação,-635.49,-817.54,-1263.82,-151.29,-855.53,-3723.67,,,
,**  Gross Profit Exc. IFRS16,-47742.41,-26791.27,-34034.13,-72863.29,-51505,-110325.33,-47766.64,-30059.05,-29904.58,-42857.96,5543.24,-82817.38,-571123.8,,**  Gross Profit Exc. IFRS16,-48309.85,-43919.62,-50792.08,-34234.57,-195138.36,-372394.48,,,
,*** *Total,-47742.41,-26791.27,-34034.13,-72863.29,-51505,-110325.33,-47766.64,-30059.05,-29904.58,-42857.96,5543.24,-82817.38,-571123.8,,*** *Total,-48309.85,-43919.62,-50792.08,-34234.57,-195138.36,-372394.48,,,
