Unnamed: 0,Unnamed: 1,Unnamed: 2,Unnamed: 3,Unnamed: 4,12,11,10,9,8,7,6,5,Unnamed: 13,Unnamed: 14,Unnamed: 15,4,3,2,1,Unnamed: 20,Unnamed: 21,Unnamed: 22,Unnamed: 23,Unnamed: 24
Classe de Custo,Set/24,Out/24,Nov/24,Dez/24,Jan/25,Fev/25,Mar/25,Abr/25,Mai/25,Jun/25,Jul/25,Ago/25,Total Exer,,Classe de Custo,Set/25,Out/25,Nov/25,Dez/25,Jan/26,Total Exer,,,
    70017101  Desjejum,-54146.24,-60273.28,-56993.28,-52309.44,-57295.04,-59816.48,-65034.16,-65525.48,-68002.84,-66189.8,-64854.24,-63414.88,-733855.16,,    70017003  Prov. Fat. -Vend,0,0,0,-64541.5,0,-64541.5,,,
    70017103  Lanches,-22563.28,-43653.5,-28648.04,-26242.83,-26860.43,-4730.18,-25201.28,-28567.55,-34988.17,-30313.65,-66056.41,-38751.25,-376576.57,,    70017101  Desjejum,-73967.88,-82956.96,-74749.84,-57581.32,0,-289256,,,
    70017106  Refeições,-314482.75,-378588.88,-334540.91,-290089.76,-331085.58,-373966.68,-370373.72,-378272.09,-393322.97,-386661.73,-376931.71,-375017.1,-4303333.88,,    70017103  Lanches,-35397.05,-36034.67,-28694.63,-31563.69,-65327.5,-197017.54,,,
    70017109  Café / Chá,0,0,0,0,-1754.83,-1704.76,0,0,0,-554.74,0,0,-4014.33,,    70017106  Refeições,-432661.41,-464896.32,-447438.41,-308217.2,-943.14,-1654156.48,,,
    70017301  ICMS sobre venda,12518.16,15440.49,13445.83,11796.54,16679.84,17608.7,18424.38,18894.61,19852.55,19348.77,20313.7,19087.34,203410.91,,    70017201  Bombonieres,-2975.91,0,0,0,0,-2975.91,,,
    70017302  PIS sobre vendas,6220.85,7677.88,6684.21,5862.65,6577.9,6946.06,7266.52,7474.7,7854.12,7645.23,8036.22,7550.58,85796.92,,    70017301  ICMS sobre venda,21800.1,23355.51,22035.31,15894.49,2650.82,85736.23,,,
    70017303  COFINS sobre ven,28653.67,35364.79,30787.79,27003.72,30298.23,31993.94,33469.96,34428.96,36176.55,35214.38,37015.38,34778.49,395185.86,,    70017302  PIS sobre vendas,8624.33,9239.74,8717.7,6289.24,1049.73,33920.74,,,
,,,,,,,,,,,,,,,    70017303  COFINS sobre ven,39723.99,42558.81,40154.2,28968.72,4835.12,156240.84,,,
,,,,,,,,,,,,,,,    70017311  ICMS s/Prov.Fatu,0,0,0,2381.58,0,2381.58,,,
,,,,,,,,,,,,,,,    70017312  PIS s/Prov.Fatur,0,0,0,1064.93,0,1064.93,,,
,,,,,,,,,,,,,,,    70017313  COFINS s/ProvFat,0,0,0,4905.15,0,4905.15,,,
*   Faturamento Líquido,-343799.59,-424032.5,-369264.4,-323979.12,-363439.91,-383669.4,-401448.3,-411566.85,-432430.76,-421511.54,-442477.06,-415766.82,-4733386.25,,*   Faturamento Líquido,-474853.83,-508733.89,-479975.67,-402399.6,-57734.97,-1923697.96,,,
    60119001  Gêneros alimentí,185.49,8.99,4309.26,43.78,47.12,0,0,0,23.98,0,32.36,287.48,4938.46,,    60119001  Gêneros alimentí,0,273.49,43.15,1203.19,258.07,1777.9,,,
    60119058  Créd.PISCOF ICMS,0,0,0,0,-163.11,-208.94,-271.31,0,361.52,171.4,-1848.39,-288.18,-2247.01,,    60119058  Créd.PISCOF ICMS,-373.31,-387.25,-240.86,-245.69,0,-1247.11,,,
    60119057  Eventos Clientes,0,0,822.3,458.56,245.42,0,0,0,0,0,574.55,77.53,2178.36,,    60119057  Eventos Clientes,0,9.18,0,0,0,9.18,,,
    60119002  Outros Débitos I,-0.02,-0.02,-0.02,-0.01,-0.01,-0.02,0.02,-0.01,-0.04,-0.01,0.01,0,-0.13,,    60119003  Outros Créditos,-472.77,-571.79,-306.45,-332.74,0,-1683.75,,,
    60119003  Outros Créditos,-311.22,-213.66,-440.21,-298.33,-253.76,-325.76,-387.98,-168.58,-298.78,-554.96,-291.76,-394.1,-3939.1,,    60269008  Descartáveis,0,28.65,35.6,223.46,295.95,583.66,,,
    60269008  Descartáveis,0,0,0,0,5,0,0,0,9.56,0,0,0,14.56,,    60119008  EstCred ICMS Pis,559.19,394.72,401.93,306.31,0,1662.15,,,
    60119008  EstCred ICMS Pis,156.54,283.73,252.68,246.52,315.94,198.78,327.69,385.33,369.5,394.48,340.94,316.7,3588.83,,    60229009  Materiais de lim,840.05,9611.01,6367.47,8235.26,0,25053.79,,,
    60229009  Materiais de lim,7055,4936.33,5244.03,0,6024.55,5107.43,4847.89,3311.35,7912.96,5949.98,6147.78,6260.23,62797.53,,    60249011  EPIs,676.46,393.01,750.64,1256.93,69.49,3146.53,Média Mês,779.5774999999999,
    60249011  EPIs,0,0,0,70.89,1721.8,0,267,912.56,0,1004.95,0,649.78,4626.98,,    60269012  Outros materiais,0,0,607.48,-607.48,0,0,,,
    60119014  Devol - Av. Déb.,0,0,0,-806.44,0,0,0,0,0,-2527.19,-57.22,-22.92,-3413.77,,    60119014  Devol - Av. Déb.,-153.9,0,-358.93,0,0,-512.83,,,
    60119016  Arroz,7563.57,9091.54,7076.4,8888.32,6880.52,6104.17,6320.01,5844.28,6112.9,5417.53,6394.83,4835.48,80529.55,,    60119016  Arroz,5244.66,6602.53,5503.31,4350.83,4489.51,26190.84,,,
    60119017  Carnes,92459.71,106842.05,86458.12,103379.26,89765.77,100496.49,116881.42,134288.26,109848.5,134951.51,150464.85,114551.95,1340387.89,,    60119017  Carnes,124242.71,168700.43,147033.7,107277.2,159661.58,706915.62,,,
    60119018  Feijão,4839.58,5508.63,5510.91,5257.22,4567.25,4212.16,3980.97,4462.62,4410.18,4972.35,7466.81,5076.28,60264.96,,    60119018  Feijão,4305.62,7313.11,5626.18,4716.42,5718.8,27680.13,,,
    60119019  Legumes Folh.,19457.13,22611.64,18281.4,17868.32,18442.46,19280.61,20818.32,21666.45,22335.01,22146.03,19877.3,19318.53,242103.2,,    60119019  Legumes Folh.,21161.21,20613.76,22775.36,15100.67,16174.36,95825.36,,,
    60119020  Outros Gêneros,11356.56,14263.18,9407.76,-26771.29,44552.9,8953.22,8769.56,8638.22,9023.93,9130.53,15471.84,10677.48,123473.89,,    60119020  Outros Gêneros,14132.74,21338.51,8345.8,11791.47,11945.51,67554.03,,,
    60119021  Pães,315.39,120.86,0,151.62,317.85,367.07,0,2571.7,0,1348.6,18094.1,14820.67,38107.86,,    60119021  Pães,23321.29,17737.33,17037.64,6722.07,17065.03,81883.36,,,
    60119022  Recheios,8705.36,12186.84,5772.27,8187.63,6418.27,9198.52,7122.23,9446.49,7572.66,7864.34,9552.25,5986.33,98013.19,,    60119022  Recheios,6643.14,9138.33,7578.51,6875.15,5455.56,35690.69,,,
    60119023  Sobremesas,4276.24,8118.64,4216.29,6327.4,5658.44,4814.9,6088.02,6708.22,5182.61,4637.94,5685.95,2800.95,64515.6,,    60119023  Sobremesas,5849.64,5444.94,4072.86,3865.04,4794.57,24027.05,,,
    60119025  Var. Est. Alim.,0,0,0,0,0,0,0,0,0,0,0,-3185.54,-3185.54,,    60119027  Refrigerantes,16867.46,20079.61,10706.98,12187.38,8479.65,68321.08,,,
    60119027  Refrigerantes,7149.94,9702.65,10522.86,11466.54,8856.2,12937.88,13737.82,12768.89,17612.55,4846.91,10103.44,13640.18,133345.86,,    60119028  Água,0,0,460.2,0,0,460.2,,,
    60119029  Sucos,5712.83,6075.07,5945,4253.46,5212.27,5247.44,3918,5666.44,6807.45,4729.43,4915.22,4680.37,63162.98,,    60119029  Sucos,6527.89,6220.32,5072.14,5423.13,3599.84,26843.32,,,
    60119030  Leites,5392.99,8600.85,7267.6,6071.5,5383.11,5751.22,5984.47,7847.06,6399.36,7291.08,8526.18,7135.47,81650.89,,    60119030  Leites,7823.74,9110.23,7409.51,7139.65,6339.18,37822.31,,,
    60119031  Café / Chá,2771.68,3763.72,4034.81,2484.59,3685.25,4413.68,5387,6577.93,6411.87,4415.19,9577.91,6231.54,59755.17,,    60119031  Café / Chá,5406.77,7891.58,7193.77,5415.25,6440.36,32347.73,,,
    60119032  Temperos,1944,3155.91,2866.42,2401,1466.59,1728.79,2866.99,2806.18,2834.91,3164.36,3750.95,2816.72,31802.82,,    60119032  Temperos,3151.91,6020.37,3370.17,3528.93,4249.36,20320.74,,,
    60119033  Oleos,5110.2,8658.09,6589.31,8506.35,6780.9,6023.42,6758.34,7308.76,5500.11,6212.14,8671.98,5630.06,81749.66,,    60119033  Oleos,6322.44,9267.89,7504.95,6525.39,6967.3,36587.97,,,
    60119034  Frutas,7435.53,8575.46,6069.07,7271.54,7532.85,6935.3,8245.07,8014.9,8025.62,8021.09,7422.09,6667.79,90216.31,,    60119034  Frutas,8280.32,7316.02,7621.83,7390.09,7578.05,38186.31,,,
    60119035  PIS/COFINS CD,-17378.92,-14677.99,-11662.52,-14034.8,-12892.12,-13853.16,-19160.19,-15047.19,-14720.88,-20866.47,-15078.05,-14196.66,-183568.95,,    60119035  PIS/COFINS CD,-21013.3,-22725.66,-20381.64,-13980.98,0,-78101.58,,,
    60119042  Descartáveis,4338.67,4648.56,4398.94,2385.61,4400.46,2978.03,2849.82,3259.24,4525.45,4085.06,4316.02,3576.58,45762.44,,    60119042  Descartáveis,5990.71,2317.5,5403.02,3699.68,485.04,17895.95,,,
    60119044  Higiene - Limpez,4975.18,3374.44,5694.59,4903.1,5154.5,3053.03,4444.24,4274.28,4773.79,7419.97,7823.74,6306.42,62197.28,,    60119044  Higiene - Limpez,8273.4,6781.1,7085.03,9574.21,4615.37,36329.11,,,
    60119048  Logist-Alim/ Ñ A,20913.59,12020.23,16980.95,13309.14,15258.79,15748.89,19520.21,20612.86,8462.14,20514.68,16859.45,15524.62,195725.55,,    60119048  Logist-Alim/ Ñ A,21007.99,19095.32,18401.88,16229.24,1187.79,75922.22,,,
    60279056  Bombonieres,16110.84,22116.82,17049.65,14976.19,13186.65,15958.92,16529.2,11834.11,25499.55,10522.13,1388.36,878.97,166051.39,,    60279056  Bombonieres,2385.59,1475.81,904.33,596.26,756.07,6118.06,,,
    60279062  Sorvetes / Iogur,0,653.4,658.84,0,435.6,671.55,235.95,235.95,235.95,526.35,834.9,954.69,5443.18,,    60279062  Sorvetes / Iogur,1070.85,925.65,780.45,3143.14,707.85,6627.94,,,
    60279065  Lanches,5906.47,13900.6,5713.06,6487.15,4901.04,6158.99,7174,4817.51,7114.8,17106.43,3481.92,10673.27,93435.24,,    60279065  Lanches,10758.55,11259.65,10197.7,10702.06,4840.72,47758.68,,,
    60279066  Trans interna cu,0,0,0,0,0,0,0,39.19,0,0,43.93,0,83.12,,    60279067  Gastos com CD,748.77,1066.58,645.36,1010.19,0,3470.9,,,
    60279067  Gastos com CD,303.75,151.58,1078.59,-1433.39,650.89,303.03,397.22,368.46,1013.51,357.59,1261.07,-145.4,4306.9,,    60119099  Notas de Debito,-273.51,-203.39,-187.41,-733.1,-155.53,-1552.94,,,
    60119099  Notas de Debito,-92.71,-754.93,-2517.33,-300.77,-952.09,-733.02,-494.51,-642.64,-2361.56,-317.91,-240.01,-99.08,-9506.56,,,,,,,,,,,
*   Consumo,226653.37,273723.21,227601.03,191750.66,253607.3,231522.62,253157.47,278808.82,260999.11,272935.51,311565.3,252044.19,3034368.59,,*   Consumo,289306.31,352538.54,297461.66,248588.61,282019.48,1469914.6,Média Mês,275211.2866666667,274431.70916666667
    64109387  Campanha Incenti,0,0,0,0,0,0,417,417,417,167,-834,167,751,,    64109387  Campanha Incenti,0,-334,0,0,0,-334,,,
    62869511  Transf Gest. Afa,0,0,0,0,0,0,0,567.97,173.63,82.94,223.44,273.12,1321.1,,    62869511  Transf Gest. Afa,79.42,0,152.25,23.76,151.83,407.26,,,
    64109301  Salarios e orden,55988.3,54401.67,54308.68,55822.33,55809.27,55405.03,50094.81,55877.73,55638.48,57488.07,55204.05,56740.58,662779,,    64109301  Salarios e orden,58464.56,59917.65,55222.59,56760.29,0,230365.09,,,
    64109386  Teleterapia,4.64,0,3.16,3.12,3.12,2.5,2.88,0,2.88,2.9,3.14,3.16,31.5,,    64109386  Teleterapia,3.18,0,0,1.55,1.55,6.28,,,
    69109303  Partic nos lucro,4940.92,5090.09,5004.6,5004.6,4855.43,4902.9,5052.07,5052.07,4902.9,5232.32,5232.32,5071.22,60341.44,,    69109303  Partic nos lucro,5071.22,5342.16,4522.72,4683.82,0,19619.92,,,
    64109344  Vale Refeição,-749.95,-722.78,-721.96,-728.71,-2.68,-736.2,-708.61,-733.91,-737.17,-781.69,-718.62,-741.52,-8083.8,,    64109344  Vale Refeição,-806.2,-816.86,-713.79,-738.05,0,-3074.9,,,
    64109304  Gratificações,0,0,0,0,1935.54,0,0,0,0,0,1611.07,-417,3129.61,,    64109304  Gratificações,0,1301.11,0,1130,0,2431.11,,,
    64109305  Férias,5167.2,6110.54,5411.34,6341.36,5145.67,4842.31,6299.26,5062.24,5433.14,8639.89,7234.17,5116.36,70803.48,,    64109305  Férias,5354.91,6582.47,5845.37,6987.06,0,24769.81,,,
    64109306  13 salário,5285.55,5630.51,5593.37,5387,5216.89,5196.99,5413.18,5377.64,5475.29,7442.19,6065.31,5336.99,67420.91,,    64109306  13 salário,5739.53,5783.2,6121.17,5683.36,0,23327.26,,,
    64109307  Horas extras,6144.57,8398.86,5563.53,11224.74,6805.24,5750.47,5586.19,4942.69,6220.73,6903.88,8738.08,5840.16,82119.14,,    64109307  Horas extras,8341.73,5166.79,6052.58,9132.57,0,28693.67,,,
    64109309  Indenizações,0,0,-865.16,0,-417.66,0,0,0,0,0,-1192.14,0,-2474.96,,    64109309  Indenizações,-1933.2,0,-579.96,-966.6,0,-3479.76,,,
    64109312  Abono férias-con,1890.44,1494.06,2131.1,1910.61,2164.5,861.59,1883.41,1683.87,2257.54,3317.11,1656.83,2479.19,23730.25,,    64109310  Aviso prévio,0,0,6445.9,0,0,6445.9,,,
    64509331  INSS,20474.28,20203.73,20190.27,20696.94,20657.18,19441.97,18098.21,19854.93,19760.21,22512.85,21141.02,19732.51,242764.1,,    64109312  Abono férias-con,1854.56,1706.95,2260.49,1356.52,0,7178.52,,,
    64509332  FGTS,5876.53,5769.93,5727.32,6176.03,5846.07,5786.82,5235.25,5662.49,5634.71,6417.36,6218.8,5713.08,70064.39,,    64509331  INSS,21685.65,21574.26,19155.5,20454.39,0,82869.8,,,
    64109342  Cestas Básicas,4346.76,4556.24,4609.72,4346.82,4755.79,3728.29,4400.3,4280.2,4556.24,4529.75,4807.24,4808.74,53726.09,,    64509332  FGTS,6220.38,6105.9,5576.55,6363.76,0,24266.59,,,
    64109351  Assistências Méd,8763.26,6277.72,5441.92,6277.41,6188.72,6991.98,7661.69,7081.52,7683.29,5332.62,6497.49,6455.17,80652.79,,    64509333  FGTS (Artigo 22),0,0,5022.04,0.04,0,5022.08,,,
    64109352  Convênio odonto,-13.33,-13.33,-15,-15,-145.83,0.81,91.28,-157.54,-24.36,1.05,-126,-11.65,-428.9,,    64109342  Cestas Básicas,4568.38,4854.24,5337.96,5079.1,0,19839.68,,,
    64109355  Seguros de vida,0,0,0,0,11.81,11.81,0,0,0,0,0,0,23.62,,    64109351  Assistências Méd,7409.54,7207.62,6758.2,6670.44,10086.48,38132.28,,,
    64109356  Exames Médicos,0,672.74,1696.99,831.91,835.78,877.44,697.05,1128.05,727.5,696.64,3155.95,839.94,12159.99,,    64109352  Convênio odonto,2.35,16.35,-34.47,-23.06,101.64,62.81,,,
    64109371  Vale transporte,2845.15,3556.17,2024.65,3655.85,3635.27,2113.36,3071.92,2801.54,3780.56,3035.31,3125.08,3024.06,36668.92,,    64109356  Exames Médicos,634.36,1442.86,798.89,840.54,0,3716.65,,,
    64109382  Auxílio creche,716,540.06,540.06,540.06,540.06,540.06,540.06,540.06,540.06,580.56,580.56,580.56,6778.16,,    64109371  Vale transporte,1693.68,3418.45,2824.87,3097,0,11034,,,
    62119401  Pessoa física Te,0,0,0,0,0,53.24,0,0,0,0,0,0,53.24,,    64109382  Auxílio creche,580.56,580.56,580.56,0,0,1741.68,,,
    62119402  Pessoa juríd Tem,4919.97,3534.94,43.05,37.18,48.99,7.92,54.56,54.74,54.74,50.16,1790.58,43.47,10640.3,,    62119402  Pessoa juríd Tem,0,53.24,48.18,5946.9,0,6048.32,,,
    62869501  Transf interna c,0,0,0,0,0,0,837.9,0,0,0,7831.91,0,8669.81,,    64109357  Exames admission,0,11.88,0,0,0,11.88,,,
    63109523  Taxas Sindicais,1404.58,1490.4,1440.64,1373.19,1439.42,1660.69,1439.43,1439.43,1439.42,1215.87,1497.66,1444.62,17285.35,,    62869501  Transf interna c,5820.89,33.29,41.54,-1515.81,0,4379.91,,,
,,,,,,,,,,,,,,,    63109523  Taxas Sindicais,1398.79,1509.78,1468.72,1328.86,0,5706.15,,,
*   Pessoal,128004.87,126991.55,118128.28,128885.44,125328.58,117439.98,116167.84,120932.72,123936.79,132866.78,139743.94,122499.76,1500926.53,,*   Pessoal,132184.29,131457.9,132907.86,132296.44,10341.5,539187.99,,,
    68109862  Inst/maq/aparl/e,145.95,150.8,145.93,150.8,150.82,136.2,150.83,145.95,150.79,145.95,150.79,150.82,1775.63,,    68109862  Inst/maq/aparl/e,145.95,150.8,145.93,150.8,150.82,744.3,,,
    68109863  Móveis e utensíl,1695.46,1752.03,1695.5,1751.97,1752,1545.78,1653.15,1599.81,1653.15,1599.85,1653.07,1653.21,20004.98,,    68109863  Móveis e utensíl,1599.8,1653.18,1599.84,1653.12,1653.15,8159.09,,,
    68169880  Inst. Máq. Equi.,-30.1,-31.09,-30.09,-31.11,-31.09,-28.09,-31.1,-30.09,-31.1,-30.1,-31.09,-31.1,-366.15,,    68169880  Inst. Máq. Equi.,-30.1,-31.09,-30.09,-31.11,-31.09,-153.48,,,
    68169881  Móveis e utensíl,333.52,344.53,333.46,344.61,344.6,347.9,443.44,429.17,443.39,429.14,443.5,443.39,4680.65,,    68169881  Móveis e utensíl,429.18,443.38,429.12,443.46,443.45,2188.59,,,
    68109869  Transit Depr Esp,0,0,0,0,0,0,0,0,0,0,0,0,0,,    68109869  Transit Depr Esp,0,0,0,0,0,0,,,
*   Depreciação,2144.83,2216.27,2144.8,2216.27,2216.33,2001.79,2216.32,2144.84,2216.23,2144.84,2216.27,2216.32,26095.11,,*   Depreciação,2144.83,2216.27,2144.8,2216.27,2216.33,10938.5,,,
    62869839  Licenças Softwar,239.96,244.27,239.78,261.11,219.36,261.8,263.87,284.92,262.7,533.18,485.1,486.64,3782.69,,    62869839  Licenças Softwar,503.84,828.16,773.92,638.86,433.06,3177.84,,,
    61581000  SaaS IaaS PaaS,204.62,215.54,355.06,355.48,357.91,363.82,358.88,341.99,396.03,164.88,166.31,165.73,3446.25,,    61581000  SaaS IaaS PaaS,154.93,162.29,166.21,183.75,174.11,841.29,,,
    62869689  Serviços Subcont,302.67,487.73,0,0,321.79,0,0,320.54,695.36,701.45,717.47,0,3547.01,,    62869690  Gastos Peq.Manut,0,24,0,67.3,0,91.3,,,
    62339758  Refeições,0,0,0,0,0,0,0,0,0,0,0,81.51,81.51,,    62869689  Serviços Subcont,0,842.82,0,0,0,842.82,,,
    60249010  Uniformes,0,0,0,626.96,0,0,513.93,214.67,42.2,107.34,734.11,0,2239.21,,    60249010  Uniformes,1920.99,849.7,0,21.87,51.91,2844.47,Média Mês,1271.1633333333334,
    62708601  Comissões/desp b,0,0,1.58,0,0,0,0,0,0,0,0,0,1.58,,    66108652  Taxa vale convên,289.25,154.4,81.12,44.81,33.19,602.77,,,
    66108652  Taxa vale convên,94.76,121.08,70.02,22.48,11.49,25.63,66.22,82.54,120.44,215.53,95.89,199.64,1125.72,,    61329552  Aluguel arqu cen,0.88,0.89,0.89,0.9,0.91,4.47,,,
    61329552  Aluguel arqu cen,0.79,0.81,0.79,0.8,0.85,0.81,0.85,0.86,0.86,0.86,0.87,0.87,10.02,,    61149673  Limp/lavand/desi,0,521.92,0,458.71,911.26,1891.89,,,
    61329553  Locação de salas,0,0,0,0,0,0,0,0,431.91,0,0,0,431.91,,    61359602  Locação utensíli,0,0,0,5110.33,406.38,5516.71,,,
    61149673  Limp/lavand/desi,0,0,754.47,535.6,0,344.59,407.63,0,0,0,0,529.01,2571.3,,    61359605  Locação equip TI,920.5,955.8,841.09,301.63,0,3019.02,,,
    62869831  Outras despesas,0,0,0,0,0,0,0,0,0,5.97,0,0,5.97,,    60669622  Aquisição utensí,1710.64,1314.43,168.43,3977.1,618.57,7789.17,,,
    61359602  Locação utensíli,0,0,5557.29,0,0,0,0,0,379.61,0,7389.92,1462.52,14789.34,,    60669624  Aquisição kit vi,0,0,0,326.98,0,326.98,,,
    61359605  Locação equip TI,823.51,881.63,870.02,840.15,837.38,836.26,908.97,1156.39,823.32,1444.88,1079.2,1019.23,11520.94,,    61579625  Aquisição mat in,0,46.18,0,0,54.9,101.08,,,
    60669622  Aquisição utensí,22.9,31.21,68.3,10.4,20.81,20.81,0,0,0,0,353.29,204.49,732.21,,    61519611  Manutenção de in,1352.16,326.7,768.65,0,604.39,3051.9,,,
    61579625  Aquisição mat in,0,0,0,0,0,0,138.9,0,0,0,90.66,0,229.56,,    61519612  Manutenção equip,3.68,3.02,0,0,0,6.7,Média Mês,82.94333333333334,
    60669627  Aquis Mat Multis,0,0,0,0,0,0,17.5,0,0,0,0,0,17.5,,    62629701  Telefones,216.33,128.64,40.22,359.35,42.28,786.82,,,
    61519611  Manutenção de in,755.04,3870.49,-499.13,1415.7,3325.99,753.22,190.57,1412.07,1040.89,3379.53,2329.55,1966.55,19940.47,,    62629706  Telecomunicações,0,288.8,0,0,0,288.8,,,
    61519612  Manutenção equip,0,0,0,0,0,6.48,6.5,7.48,15.75,10.44,4.71,3.14,54.5,,    62869741  Cópias,0,0,0,0,177.8,177.8,,,
    62629701  Telefones,241.8,200.27,191.58,189.28,175.18,152.47,165.19,32.29,143.87,121.14,293.32,224.49,2130.88,,    62369742  Impressos,0,190.8,0,0,0,190.8,,,
    62629706  Telecomunicações,254.5,254.5,99.9,99.9,99.9,99.9,99.9,99.9,99.9,99.9,0,99.9,1408.1,,    60649744  Outros mats escr,590.17,894.35,0,0,695.83,2180.35,,,
    62869741  Cópias,214.63,0,0,0,0,0,0,0,0,0,0,0,214.63,,    62569751  Ônibus e Táxi Vi,466.89,114.08,2148.66,1278.54,-935.47,3072.7,,,
    62369742  Impressos,3.27,0,0,0,0,0,0,0,0,0,190.8,4.5,198.57,,    62569753  Reembolso KM,0,0,105.8,475.8,317.4,899,,,
    60649744  Outros mats escr,0,453.17,1290.92,0,0,0,0,18.99,516.04,0,14.84,199,2492.96,,    62339755  Estadias e refei,0,391.84,-391.84,0,0,0,,,
    62569751  Ônibus e Táxi Vi,0,673.09,736.1,214.97,0.4,84.47,161.34,2753.93,362.08,0,2543.41,68.47,7598.26,,    62569775  Cartão Combustív,551.75,549.75,549.75,298.36,299.36,2248.97,,,
    62569753  Reembolso KM,282.89,282.91,59.62,3.68,344.19,530.27,310.37,221.08,150.88,294.92,147.46,73.73,2702,,    62869776  Fretes e carreto,0,0,0,25.4,0,25.4,,,
    62339755  Estadias e refei,0,0,0,0,48.42,0,0,0,412.39,624.04,0,0,1084.85,,    63109524  Outras Contrib s,100.82,103.31,104.51,0,0,308.64,,,
    62569779  Pedágio,5.4,5.4,0,17.4,10.8,0,0,0,0,0,0,0,39,,    63109583  Taxa munic/estad,0,0,0,-363.68,0,-363.68,,,
    62569778  Estacionamento,0,0,0,0,0,0,0,125,0,0,0,0,125,,    62869653  Consultorias,24.63,28.47,31.5,426.19,15.16,525.95,,,
    62569775  Cartão Combustív,298.36,827.87,549.75,549.75,548.71,549.75,345.65,549.75,551.75,549.75,389.13,538.28,6248.5,,    62109654  Consultorias inf,74.3,44.47,0,0,90.66,209.43,,,
    63109524  Outras Contrib s,0,0,0,120.05,110.5,0,0,0,0,0,0,0,230.55,,    62199681  Licenças,183.15,-183.15,0,0,0,0,,,
    63109583  Taxa munic/estad,0,0,0,0,0,0,338.3,-312.59,0,0,363.68,0,389.39,,    62869683  Treinamento pess,356.33,311.23,0,622.6,311.3,1601.46,,,
    62859791  Multas dedutívei,0.01,0,0,0,0,0,0,0,0,0,0,0,0.01,,    62209808  Interco - Outros,0,46.93,77.93,22.66,0,147.52,,,
    62869653  Consultorias,442.77,406.3,129.37,54.08,25.91,22.87,386.79,72.88,386.34,23.35,26.9,48.82,2026.38,,    62869502  Transf interna c,72.48,25.47,141.17,152.26,0,391.38,,,
    62109654  Consultorias inf,28.94,40.81,40.85,41.04,42.86,41.11,41.38,28.67,41.32,37.67,37.77,37.64,460.06,,    62319721  Brindes,0,0,1164.88,0,0,1164.88,,,
    62199681  Licenças,123.94,123.94,123.94,123.94,123.94,123.94,123.94,123.94,123.94,123.94,123.94,123.94,1487.28,,,,,,,,,,,
    62869683  Treinamento pess,0,1149.87,0,941.86,0,233.17,233.88,0,0,532.72,548.6,4.94,3645.04,,,,,,,,,,,
    62869686  Confraternizaçõe,0,0,0,0,1.82,0,0,0,0,0,0,0,1.82,,,,,,,,,,,
    62209808  Interco - Outros,0,62.4,24.38,0,116.86,0,0,65.52,0,0,86,18.48,373.64,,,,,,,,,,,
    62839685  Analise física/b,0,0,0,884.81,0,0,0,0,0,0,0,0,884.81,,,,,,,,,,,
    62869502  Transf interna c,52.38,52.75,72.15,63.37,63.53,63.1,52.93,53.07,63.14,55.05,55.32,55.51,702.3,,,,,,,,,,,
    62319712  Publicidades,0,0,0,0,6.58,0,0,0,0,0,0,0,6.58,,,,,,,,,,,
    62319721  Brindes,0,0,0,1134.37,1134.37,0,0,0,0,0,0,0,2268.74,,,,,,,,,,,
*   Outras Despesas,4393.14,10386.04,10736.74,8507.18,7949.55,4514.47,5133.49,7653.89,7060.72,9026.54,18268.25,7617.03,101247.04,,*   Outras Despesas,9493.72,8965.3,6772.89,14429.72,4303,43964.63,,,
    70908052  Descto Financ.Fo,-33509.12,-31608.85,-27625.55,-28385.76,-30841.71,-27986.27,-35683.88,-34238,-31692.03,-43524.8,-36446.78,-52987.08,-414529.83,,    70908052  Descto Financ.Fo,-39855.55,-45706.73,-40579.37,-32515.54,-4298.69,-162955.88,,,
    70908054  Bonificação Inte,-861.61,-680.5,-652.42,-719.53,-838.02,-800.44,-997.67,-855.68,-811.01,-1125.14,-895.83,-23.75,-9261.6,,    70908054  Bonificação Inte,-1231.27,-1316.43,-1285.63,-1100.63,0,-4933.96,,,
*   Bonificação,-34370.73,-32289.35,-28277.97,-29105.29,-31679.73,-28786.71,-36681.55,-35093.68,-32503.04,-44649.94,-37342.61,-53010.83,-423791.43,,*   Bonificação,-41086.82,-47023.16,-41865,-33616.17,-4298.69,-167889.84,,,
**  Gross Profit Exc. IFRS16,-16974.11,-43004.78,-38931.52,-21724.86,-6017.88,-56977.25,-61454.73,-37120.26,-70720.95,-49187.81,-8025.91,-84400.35,-494540.41,,**  Gross Profit Exc. IFRS16,-82811.5,-60579.04,-82553.46,-38484.73,236846.65,-27582.08,,,
*** *Total,-16974.11,-43004.78,-38931.52,-21724.86,-6017.88,-56977.25,-61454.73,-37120.26,-70720.95,-49187.81,-8025.91,-84400.35,-494540.41,,*** *Total,-82811.5,-60579.04,-82553.46,-38484.73,236846.65,-27582.08,,,
