,BR014545 LEROY MERLIN CAJAMAR,,,,,,,,,,,,,,,,,,,,,,,,
,Classe de Custo,Set/24,Out/24,Nov/24,Dez/24,Jan/25,Fev/25,Mar/25,Abr/25,Mai/25,Jun/25,Jul/25,Ago/25,Total Exer,,Classe de Custo,Set/25,Out/25,Nov/25,Dez/25,Jan/26,Total Exer,,,
,    70017101  Desjejum,"-65565,54","-77486,01","-38066,94","-66701,88","-68530,19","-62230,62","-67364,06","-62255,3","-64013,75","-60817,69","-64408,63","-65836,7","-763277,31",,    70017101  Desjejum,"-67498,39",-78770,"-62861,54","-61709,98","-23394,48","-294234,39",,,
,    70017103  Lanches,"-25981,69","-30847,87","-22546,62","-63755,83","-21512,35","-30244,9","-11549,27","-9253,45","-10437,8","-29187,16","-19675,95","-20808,48","-295801,37",,    70017103  Lanches,"-34476,11","-69930,74","-84563,22","-15103,42","-1668,16","-205741,65",,,
,    70017106  Refeições,"-595180,14","-698629,75","-653719,53","-583973,33","-585625,65","-549232,96","-742290,04","-529998,29","-546701,8","-500352,83","-518362,65","-554598,64","-7058665,61",,    70017106  Refeições,"-580673,58","-639829,89","-543561,51","-481127,32","-181682,44","-2426874,74",,,
,    70017109  Café / Chá,"-2143,65","-2729,12","-2904,6","-3191,13","-3612,31","-1755,65","-3463,2",0,0,"-1577,68","-3867,24","-2153,23","-27397,81",,    70017109  Café / Chá,"-4203,02",-2035,-1810,-1965,-2130,"-12143,02",,,
,    70017112  Refrigerantes,-2048,"-2257,18","-54,46","-19,02","-48,13","-112,48","-230,34","-44,68",-23,"-14,99","-65,44","-45,94","-4963,66",,    70017112  Refrigerantes,"-251,82","-21,57","-11,56","-25,89","-30,02","-340,86",,,
,    70017201  Bombonieres,0,0,0,0,0,0,0,0,0,"-4,45","-4,32","-0,89","-9,66",,    70017301  ICMS sobre venda,"27481,72","32083,19","28167,81","22942,42","8355,01","119030,15",,,
,    70017301  ICMS sobre venda,"22043,87","25910,14","22953,12","22963,94","27334,56","25738,6","32986,7","24060,27","24846,13","23677,56","24252,75","25735,86","302503,5",,    70017302  PIS sobre vendas,"10813,11","12273,67","10734,97","8593,59","3274,84","45690,18",,,
,    70017302  PIS sobre vendas,"10968,43","12888,76","11409,31","11410,49","10742,64","10141,74","13007,85","9477,65","9789,13","9324,39","9542,87","10129,83","128833,09",,    70017303  COFINS sobre ven,"49806,01","56533,21","49445,88","39582,45","15084,13","210451,68",,,
,    70017303  COFINS sobre ven,"50521,14","59366,32","52552,06","52557,31","49481,14","46713,4","59915,01","43654,7","45089,3","42948,76","43954,86","46658,89","593412,89",,,,,,,,,,,
,*   Faturamento Líquido,"-607385,58","-713784,71","-630377,66","-630709,45","-591770,29","-560982,87","-718987,35","-524359,1","-541451,79","-516004,09","-528633,75","-560919,3","-7125365,94",,*   Faturamento Líquido,"-599002,08","-689697,13","-604459,17","-488813,15","-182191,12","-2564162,65",,,
,    60119001  Gêneros alimentí,"1077,86","1029,73","1332,91","3740,37","3293,37","798,03","221,26","1291,29","267,29","361,5","689,1","114,77","14217,48",,    60119001  Gêneros alimentí,3227,"2250,45","366,51","4978,66","9514,44","20337,06",,,
,    60119058  Créd.PISCOF ICMS,0,0,0,0,0,0,0,"6,39","83,62",104,"-474,15","-45,71","-325,85",,    60119058  Créd.PISCOF ICMS,"-67,31","-47,09","-63,82","-35,63",0,"-213,85",,,
,    60119057  Eventos Clientes,248,"620,47",0,0,0,95,"171,55",0,0,"238,13",0,"582,54","1955,69",,    60119057  Eventos Clientes,"330,2","1347,05","51,83","2229,06","171,7","4129,84",,,
,    60119002  Outros Débitos I,0,"-0,02","-0,01","0,01","0,01","-0,02","0,01","7,04","-0,02","0,03","0,02","0,02","7,07",,    60269008  Descartáveis,0,0,"64,45","851,9",220,"1136,35",,,
,    60269008  Descartáveis,"319,74",0,"223,1","459,12","107,19","311,4","1322,88","21,5",0,"17,99",0,0,"2782,92",,    60119008  EstCred ICMS Pis,"552,51","678,87","461,77","427,52",0,"2120,67",,,
,    60119008  EstCred ICMS Pis,"589,61","738,18","610,93","790,07","545,45","445,84","741,27","600,67","505,92","617,88","390,91","316,53","6893,26",,    60229009  Materiais de lim,"6696,75","7052,95","5165,15","4698,58",0,"23613,43",,,
,    60229009  Materiais de lim,0,6203,"10683,32",0,"12309,87","319,59","11632,23",0,"10171,75",0,"13199,36",0,"64519,12",,    60249011  EPIs,"2083,51","1936,5","2264,03","65,34","311,66","6661,04",Média Mês,"1337,63583333333",
,    60249011  EPIs,"1684,1",0,"1775,19","1959,31","1431,88","337,5","2181,3","2278,19","2812,55",183,"451,93","25,9","15120,85",,    60269012  Outros materiais,0,"1356,03","-1356,03","1265,54",0,"1265,54",,,
,    60119014  Devol - Av. Déb.,"-2337,65","-63,05","-667,2",0,"-13,05",-18,"-20,25","-120,25","-327,08","-7,2",0,0,"-3573,73",,    62439013  Fretes,0,0,0,"160,85",0,"160,85",,,
,    60119016  Arroz,"20637,25","23847,12","20582,21","19866,82","18378,15","12778,94","14722,12","12909,46","11957,76","11241,16","13572,99","9151,02",189645,,    60119016  Arroz,"12617,37","12589,87","11076,3","7056,82","4738,97","48079,33",,,
,    60119017  Carnes,"157420,24","176925,42","147691,6","153296,12",156828,"147287,61","163863,26","156657,36","126558,12","161894,26","158463,41","140050,35","1846935,75",,    60119017  Carnes,"144572,13","148360,22","161624,63","145946,52","99717,42","700220,92",,,
,    60119018  Feijão,"13006,91","12796,04","14046,02","10555,7","13686,81","9392,56","11368,11","10185,59","12020,99","11065,5","13053,46","10744,56","141922,25",,    60119018  Feijão,"4133,97","10973,2","10959,35","6717,71","3672,18","36456,41",,,
,    60119019  Legumes Folh.,"34316,46","35330,35","33915,17","32870,94","28401,17","26934,21","28124,82","28494,37","26132,47","24098,55","26134,38","23385,47","348138,36",,    60119019  Legumes Folh.,"24315,11",27314,"23958,37",16572,"15319,31","107478,79",,,
,    60119020  Outros Gêneros,"18579,04","18684,36","21011,52","12569,57","14736,17","17326,34","23739,08","17983,77","22143,61","10667,48","18351,48","11437,66","207230,08",,    60119020  Outros Gêneros,"19421,79","20242,29","17821,89","-17350,43","35180,43","75315,97",,,
,    60119021  Pães,"38083,38","35894,84","24659,73","33813,39","26861,92","24849,26","29109,21","32455,17","32246,1","32690,18","25985,3","23350,17","359998,65",,    60119021  Pães,"38204,58","35600,18","27648,3","25072,96","12628,27","139154,29",,,
,    60119022  Recheios,"12377,56","14753,98","13545,07","13030,74","21734,34","11990,4","10413,93",5787,"10603,38","10979,18","12444,85","11400,08","149060,51",,    60119022  Recheios,"9465,89","11173,39","10588,61","16952,77","2745,44","50926,1",,,
,    60119023  Sobremesas,"9695,51","11652,86","10670,99","7887,89","9799,72","7908,48","9144,41","9552,22","7344,06","7725,04","10345,38","6827,56","108554,12",,    60119023  Sobremesas,"5658,66","14716,57","9498,2","9136,14","2887,34","41896,91",,,
,    60119025  Var. Est. Alim.,0,0,0,0,0,0,0,0,0,0,"-3078,22","-12062,55","-15140,77",,    60119025  Var. Est. Alim.,0,0,0,"-595,21","-628,07","-1223,28",,,
,    60119027  Refrigerantes,"6412,34","6572,32","5744,13","5648,41","4189,13","5275,64","6499,48","4856,63","6617,96","3734,89","7078,46","4721,84","67351,23",,    60119027  Refrigerantes,"8388,02","16336,48","14321,59","7113,19","7537,87","53697,15",,,
,    60119028  Água,0,0,0,0,0,"33,97",0,0,0,0,0,"94,21","128,18",,    60119029  Sucos,"15107,45","17680,3","14458,46","23515,78","4224,99","74986,98",,,
,    60119029  Sucos,"11925,04","16721,88","17589,4","18702,91","10982,12","12366,17","19613,76","16143,99","14590,12","16646,89","10203,36","9921,23","175406,87",,    60119030  Leites,"12398,22","13560,15","14591,73","12821,29","6205,96","59577,35",,,
,    60119030  Leites,"12603,7","16296,31","14198,84","13537,1","13789,51","10420,44","14102,1","11105,33","13718,99","14727,44","15197,39","17766,03","167463,18",,    60119031  Café / Chá,"5651,64","7717,62","7644,87","7285,28","3837,55","32136,96",,,
,    60119031  Café / Chá,"6239,93","6326,33","5501,07","6440,81","6793,35","5438,96","9166,33","8398,43","8002,21","5637,28","9696,92","10102,96","87744,58",,    60119032  Temperos,"2793,58","3534,33","3010,57","2982,47","1931,68","14252,63",,,
,    60119032  Temperos,"2284,11","2604,64","3304,53","4966,27","4358,39","2320,09","2671,1","2810,22","2904,6","2867,07","2767,3",3271,"37129,32",,    60119033  Oleos,"4482,8","4612,73","4339,47","7037,88","2439,57","22912,45",,,
,    60119033  Oleos,"5592,51","4836,68","5938,88","11214,65","8622,48","6796,07","5280,63","4848,68","4959,27","5083,07","4834,23","3425,72","71432,87",,    60119034  Frutas,"8720,51","11871,47","9765,28","5604,06","6533,47","42494,79",,,
,    60119034  Frutas,"10600,08","13511,72","9679,61","5849,29","11446,45","12826,07","20361,58","11990,31","12621,26","10243,65","14468,89","11060,48","144659,39",,    60119035  PIS/COFINS CD,"-18407,34","-21340,59","-25667,62","-18887,86",0,"-84303,41",,,
,    60119035  PIS/COFINS CD,"-21425,46","-26465,93","-23922,63","-19656,14","-23152,96","-19638,43","-20867,86","-24992,29","-18683,82","-18386,86","-21200,53","-19367,28","-257760,19",,    60119042  Descartáveis,"6063,19","5854,44","7416,6","6090,56","5398,07","30822,86",,,
,    60119042  Descartáveis,"9739,43","9183,56","13051,92","10634,61","7730,54","6849,4","10218,88","2846,48","6939,17","6043,91","6700,17","6078,69","96016,76",,    60119043  Gás/Carvão,"10571,82","9003,12","7885,11","5506,46","8345,03","41311,54",,,
,    60119043  Gás/Carvão,"11268,51","16612,89","14825,77","10990,02","9263,98","11755,39","15230,18","8626,61","9219,33","10124,06","10300,7","14470,63","142688,07",,    60119044  Higiene - Limpez,"7791,92","7302,49","7704,67","7392,66","4208,9","34400,64",,,
,    60119044  Higiene - Limpez,"8327,03","8123,09","8055,76","8899,8","7220,91","7245,96","7851,08","6324,86","8595,25","6884,46","7704,34","8289,5","93522,04",,    60119048  Logist-Alim/ Ñ A,"21798,31","30474,17","24808,1","18408,54","-673,92","94815,2",,,
,    60119048  Logist-Alim/ Ñ A,"25881,21","22790,64","33152,45","20121,9","30673,85","23804,8","26109,18","32496,9","12626,88","21848,87","28496,57","23848,17","301851,42",,    60279056  Bombonieres,"2886,65","2084,73","2088,42","1504,94","457,38","9022,12",,,
,    60279056  Bombonieres,"1641,98",1624,"2262,04","1114,1","1669,19","1874,57","986,9","981,22","1965,47","1428,66","2097,36","1076,5","18721,99",,    60279062  Sorvetes / Iogur,0,"1934,06","4423,51",0,0,"6357,57",,,
,    60279062  Sorvetes / Iogur,"1460,36","1234,93","2615,05","2427,37",0,0,"1764,18",0,0,0,0,0,"9501,89",,    60279065  Lanches,"6580,32","15643,96","16966,43","2880,28","1885,81","43956,8",,,
,    60279064  Bebidas,"1165,24","1578,98","693,68","2673,72",0,446,"117,6","287,46","188,77",0,0,0,"7151,45",,    60279067  Gastos com CD,"1367,58","820,7","1131,35","728,2",0,"4047,83",,,
,    60279065  Lanches,"3064,4","727,7","1091,2","5949,97","2387,19","2057,19","1823,15","1616,91","4265,74","1202,52","6081,33","2351,07","32618,37",,    60119099  Notas de Debito,"-484,19","-1249,45","-1096,43","-1087,74","-77,24","-3995,05",,,
,    60279066  Trans interna cu,0,0,0,0,0,0,0,"39,19",0,0,"43,93",0,"83,12",,,,,,,,,,,
,    60249222  EPIs,0,0,0,0,0,0,0,0,58,0,0,0,58,,,,,,,,,,,
,    60279067  Gastos com CD,"551,73","201,81","1208,19","-1893,21","888,15","602,94","289,25","1568,77","1209,87","341,99","1535,95","-146,52","6358,92",,,,,,,,,,,
,    60119099  Notas de Debito,"-446,11","-1266,98","-4267,17","-700,76","-1331,94","139,09","-324,07","-187,03","-253,08","-568,07","-192,68","-661,49","-10060,29",,,,,,,,,,,
,*   Consumo,"402584,04","439627,85","410803,27","397760,87","403631,34","351371,46","427628,64","367872,44","352066,51","359736,51","395343,89","321581,11","4630007,93",,*   Consumo,"366922,64","421385,19","393921,65","313047,09","238734,21","1734010,78","372875,705833333",Média Mês,"371538,07"
,    64109387  Campanha Incenti,0,0,0,0,0,0,750,750,0,0,-750,0,750,,    62869511  Transf Gest. Afa,"89,75",0,"175,2","24,84","144,4","434,19",,,
,    62869511  Transf Gest. Afa,0,0,0,0,0,0,0,"781,52","213,64","98,02","255,36","312,72","1661,26",,    64109301  Salarios e orden,"50902,62","55272,89","53326,13","48834,9",0,"208336,54",,,
,    64109301  Salarios e orden,"74342,95","71851,59","74481,39","69429,87","72429,42","70638,42","69371,31","72052,65","63707,82","64191,84","62008,33","49672,02","814177,61",,    64109386  Teleterapia,"3,16",0,0,"3,1","3,1","9,36",,,
,    64109386  Teleterapia,"6,96",0,"4,74","6,24","7,8",5,"4,32","4,32","4,32","4,35","4,71","4,74","57,5",,    69109303  Partic nos lucro,"5013,33","5013,33","5082,29","4921,19",0,"20030,14",,,
,    69109303  Partic nos lucro,"7404,55","7004,51","6828,58","7661,91","8023,88","7038,88","6937,18","6740,54","6340,5","6446,11","6285,01","4581,29","81292,94",,    64109344  Vale Refeição,0,"-18,36","-731,44","-0,96",0,"-750,76",,,
,    64109344  Vale Refeição,"-4,47","-10,5","-11,93",0,"-8,08","-2,68","-913,47","-1,04","-2,18","-9,84",0,0,"-964,19",,    64109304  Gratificações,"1689,32","3845,61",1867,260,0,"7661,93",,,
,    64109304  Gratificações,0,0,0,720,0,"1865,73","2941,95","719,91","2403,27","4027,91","1673,2","2209,16","16561,13",,    64109305  Férias,"4141,99","5521,61","5508,64","4813,14",0,"19985,38",,,
,    64109305  Férias,"6313,18","7010,36","8245,66","7964,83","6673,68","6171,64","5573,19","5285,59","6346,19","9636,9","6267,01",5476,"80964,23",,    64109306  13 salário,"4748,71","5295,51","5476,21","4419,8",0,"19940,23",,,
,    64109306  13 salário,"7035,65","6765,92","7663,98","6361,18","7376,58","6332,03","6721,4","6177,27","5833,16","7571,55","5661,8","4547,74","78048,26",,    64109307  Horas extras,"1291,11","3353,19","2893,19","3611,08",0,"11148,57",,,
,    64109307  Horas extras,"3528,25","4256,99","5488,69","5755,4","6809,75","1326,99","6178,53","4489,9","4360,04","4495,22","2878,92","2342,5","51911,18",,    64109309  Indenizações,0,0,0,"-1933,2",0,"-1933,2",,,
,    64109309  Indenizações,-1790,0,"-805,49",0,0,0,0,0,"-2186,04",-1790,0,0,"-6571,53",,    64109310  Aviso prévio,0,0,"15186,89",0,0,"15186,89",,,
,    64109310  Aviso prévio,0,0,0,0,0,"2414,29",0,0,0,"2000,57",0,0,"4414,86",,    64109312  Abono férias-con,"2864,11","1698,87","1894,9","1687,38",0,"8145,26",,,
,    64109312  Abono férias-con,"2052,2","2625,18","1623,11","2399,22","3039,28","2167,77","2031,86","1672,95","2319,7","2901,23","1794,62","1174,57","25801,69",,    64509331  INSS,"17674,39","20236,54","15695,11","15671,21",0,"69277,25",,,
,    64509331  INSS,"25394,22","24483,78","26248,01","23585,36","26628,66","23622,24","24702,4","24338,11","22260,5","22816,24","20869,31","17396,22","282345,05",,    64509332  FGTS,"5310,48","6045,9","5301,56","6052,75",0,"22710,69",,,
,    64509332  FGTS,"7532,47","7212,69","7422,12","7843,28","7660,9","6899,65","7120,54","7025,16","6443,93","6695,42","5952,38","5217,14","83025,68",,    64509333  FGTS (Artigo 22),0,0,"13537,28","-0,02",0,"13537,26",,,
,    64509333  FGTS (Artigo 22),0,0,0,0,0,"1242,24",0,0,0,"603,9",0,0,"1846,14",,    64109341  Alimentacao PAT,0,0,0,"661,82",0,"661,82",,,
,    64109342  Cestas Básicas,"7037,91","6553,37","7084,16","5661,71","5324,19","8131,07","5744,74","5342,13","5267,99","4944,22","5577,96","4827,24","71496,69",,    64109342  Cestas Básicas,"5047,61","5290,96","5818,33","5487,96",0,"21644,86",,,
,    64109351  Assistências Méd,"5806,81","4902,6","4101,97","4057,97","4713,37","5749,97","5369,53","5660,2","5119,53","6126,34","4119,02","4003,82","59731,13",,    64109351  Assistências Méd,"3838,46","3825,74","4018,32","3527,84","4519,85","19730,21",,,
,    64109352  Convênio odonto,"32,71","32,71","32,71","32,71","29,37",-28,"22,82",-68,"22,82","-16,59",-42,"8,82","60,08",,    64109352  Convênio odonto,"-3,88","-3,88","-3,88","-3,88","38,12","22,6",,,
,    64109355  Seguros de vida,0,0,"15,81","29,79","13,98","13,98","13,98","13,98","25,79","14,96","14,96","40,46","197,69",,    64109355  Seguros de vida,"53,21","53,21","53,21","53,21",0,"212,84",,,
,    64109356  Exames Médicos,0,"695,47","1638,88","705,91","947,64","768,83","716,81","3176,23","715,57","647,58","579,14","556,29","11148,35",,    64109356  Exames Médicos,"556,56","1065,38","708,01","508,97",0,"2838,92",,,
,    64109371  Vale transporte,"1400,01","1570,57","1411,2","2239,86","3282,29","2725,94","1351,17","2646,08","1915,11","1174,4","2222,35","1281,71","23220,69",,    64109371  Vale transporte,"2131,22","2382,81","1590,14","1496,41",0,"7600,58",,,
,    64109372  Transp funcionár,"8600,52","8467,02","8907,33","9634,58","8896,27","8669,37","10670,34","8850,29","10084,49","9376,64","8741,32","8980,02","109878,19",,    64109372  Transp funcionár,"8768,62","9677,43","10456,41","10238,86","627,08","39768,4",,,
,    64109382  Auxílio creche,"1975,12","1975,12","1975,12","1975,12",895,537,537,537,537,540,540,1070,"13093,48",,    64109382  Auxílio creche,1070,1070,1070,1070,0,4280,,,
,    62119401  Pessoa física Te,0,0,0,0,0,"79,86",0,0,0,0,0,0,"79,86",,    62119402  Pessoa juríd Tem,"19479,8","18723,66","29381,12","34766,5","40774,51","143125,59",,,
,    62119402  Pessoa juríd Tem,"56,76","95,37","63,64","5495,51","7546,2","9690,81","11027,8","7441,22","7894,65","16153,13","16489,03","27078,48","109032,6",,    64109357  Exames admission,0,"13,5",0,0,0,"13,5",,,
,    62869501  Transf interna c,0,"6519,36","11452,95","-7592,39","-5024,9",0,"-1069,98","-17632,72","25079,46",0,"-10907,5","5386,61","6210,89",,    64109462  Pericias,0,"1060,92",0,0,0,"1060,92",,,
,    63109523  Taxas Sindicais,"2030,79","2060,39","2093,08","1934,94","1934,96","2440,91","1877,35","1940,11","1877,34","1629,7","1555,06","1468,19","22842,82",,    62869501  Transf interna c,"4920,93","15627,15","13862,1","27240,16",0,"61650,34",,,
,,,,,,,,,,,,,,,,    63109523  Taxas Sindicais,"1608,61","1725,46","1818,41","1608,62",0,"6761,1",,,
,*   Pessoal,"158756,59","164072,5","175965,71",155903,"167200,24","168501,94","167680,77","147943,4","176584,6","170279,8","141789,99","147635,74","1942314,28",,*   Pessoal,"141200,11","166777,43","193985,13","175021,68","46107,06","723091,41",,,
,    68109862  Inst/maq/aparl/e,"3998,9","3786,94","3878,02","3627,73","4776,36","4314,1","4765,02","4470,44","4637,88","4488,25","4637,83","4180,13","51561,6",,    68109862  Inst/maq/aparl/e,"3802,85","3950,27","3830,07","3954,22","3866,7","19404,11",,,
,    68109863  Móveis e utensíl,"4257,52","4399,22","4257,35","4399,47","4642,03","4192,92","4642,25","4493,52","4440,28","4227,82","4258,38","2061,04","50271,8",,    68109863  Móveis e utensíl,"533,31","401,65","388,85","400,07","344,65","2068,53",,,
,    68109866  Equiptos proce d,"258,06","266,64","258,03","266,66","266,65","240,83","266,65","258,05","266,66","258,03","266,66","266,64","3139,56",,    68109866  Equiptos proce d,"258,06","266,64","258,03","266,66","266,65","1316,04",,,
,    68169880  Inst. Máq. Equi.,"-2410,23","-2145,34","-2200,62","-1972,19","-2679,18","-2419,95","-2667,9","-2432,47","-2523,22","-2441,83","-2523,19","-2065,49","-28481,61",,    68169880  Inst. Máq. Equi.,"-1756,42","-1889,37","-1999,51","-2116,13","-2028,67","-9790,1",,,
,    68169881  Móveis e utensíl,"-4194,85","-4334,48","-4194,68","-4334,68","-4557,5","-4116,54","-4557,67","-4404,93","-4325,39","-4116,78","-4143,54","-1946,17","-49227,21",,    68169881  Móveis e utensíl,"-422,09","-287,01","-277,61","-285,37","-229,72","-1501,8",,,
,    68109869  Transit Depr Esp,0,0,0,0,0,0,0,0,0,0,0,0,0,,    68109869  Transit Depr Esp,0,0,0,0,0,0,,,
,*   Depreciação,"1909,4","1972,98","1998,1","1986,99","2448,36","2211,36","2448,35","2384,61","2496,21","2415,49","2496,14","2496,15","27264,14",,*   Depreciação,"2415,71","2442,18","2199,83","2219,45","2219,61","11496,78",,,
,    62869839  Licenças Softwar,"159,96","166,42","159,78","191,56","128,91","181,8","263,87","316,69","262,7","637,71","605,69","486,64","3561,73",,    62869839  Licenças Softwar,"509,99","981,84","1467,79","901,64","433,06","4294,32",,,
,    61581000  SaaS IaaS PaaS,"307,88","431,73","701,97","601,98","606,89","510,4","486,52","485,4","527,72","210,71","213,07","213,96","5298,23",,    61581000  SaaS IaaS PaaS,"202,53","209,41","214,45","231,17","220,08","1077,64",,,
,    62869691  Limpeza e Desins,0,0,0,0,0,0,0,"267,19",0,0,106,"120,44","493,63",,    62869690  Gastos Peq.Manut,"660,48",0,0,0,0,"660,48",,,
,    62869690  Gastos Peq.Manut,"49,58",96,0,0,0,0,0,0,0,0,0,0,"145,58",,    60249010  Uniformes,"2577,64","885,03","759,07",0,0,"4221,74",Média Mês,"38294,93",
,    62869689  Serviços Subcont,0,"1361,25",0,0,0,0,0,0,"628,89","220,97","166,52","2064,56","4442,19",,    77529962  Vlr líqu bens ba,0,0,0,"1429,87",0,"1429,87",,,
,    60249010  Uniformes,0,"114,34","3252,75","1177,65","1097,17",0,"2754,23","473,8","4386,88","2336,78",0,0,"15593,6",,    68169964  Vlr líqu bens Bx,0,0,0,"-1429,87",0,"-1429,87",,,
,    68179902  PDD - societaria,0,0,0,"9614,5","-9614,5","3719,28","-3719,28",0,0,0,0,0,0,,    68179902  PDD - societaria,0,0,"7011,51","-7011,51",0,0,,,
,    66168552  Juros Outros,0,0,"2,63",0,0,0,0,0,0,0,0,0,"2,63",,    66808501  Descontos conced,0,0,0,"-293,73",0,"-293,73",,,
,    62708601  Comissões/desp b,0,0,"2,34","5,41","1,51","1,42","1,64","1,41","0,2","2,56","1,41","0,17","18,07",,    66168556  Juros Cobrança,0,"23,13",0,0,0,"23,13",,,
,    66108651  Perdas de numerá,"-0,1",0,0,0,0,"-13,41",0,0,0,0,"-0,1",-1,"-14,61",,    62708601  Comissões/desp b,"2,55","1,49","1,54","5,63",0,"11,21",,,
,    66108652  Taxa vale convên,"698,42","759,03","663,47","608,01","652,93","663,69","629,43","571,08","561,41","629,9","632,8","624,79","7694,96",,    66108652  Taxa vale convên,"671,11","737,35","567,95","608,7","468,05","3053,16",,,
,    61329553  Locação de salas,0,0,0,0,0,0,0,0,"431,91",0,0,0,"431,91",,    61529561  Manutenções pred,"1129,84","3917,68",0,"814,93",0,"5862,45",Média Mês,"1712,23083333333",
,    61529561  Manutenções pred,0,0,471,"300,41",0,"952,19","598,95","9982,32","633,43","639,79",0,"933,99","14512,08",,    61149673  Limp/lavand/desi,0,"479,61","298,11","392,04","270,43","1440,19",,,
,    61149673  Limp/lavand/desi,"466,91","774,55","403,39",0,"673,82","672,45","283,14",0,0,0,0,0,"3274,26",,    62869831  Outras despesas,0,"784,58","-784,58",0,0,0,,,
,    62869831  Outras despesas,0,0,0,0,0,0,0,0,0,"5,97",0,0,"5,97",,    61359601  Locação maqs/equ,"773,66","2543,28","2543,28","2512,92",0,"8373,14",,,
,    61359601  Locação maqs/equ,"3499,95","3281,03","2199,68","769,81","1511,41","5158,32","1508,51","2543,28","5151,57","3381,95","773,66","773,66","30552,83",,    61359602  Locação utensíli,"2504,47",0,0,0,0,"2504,47",,,
,    61359602  Locação utensíli,0,0,0,0,0,0,0,0,"379,61",0,"734,85","734,85","1849,31",,    61359605  Locação equip TI,"2768,38","1608,75","841,09","2428,44",0,"7646,66",,,
,    61359605  Locação equip TI,"3011,41","2612,31","2863,42","2267,2","1839,88","3185,36","2443,1","4630,17","2528,22","3437,8","3418,94","2380,6","34618,41",,    60669622  Aquisição utensí,"4575,55","731,12","1646,96","1287,83","59,9","8301,36",,,
,    60669622  Aquisição utensí,"961,82","2401,54","1342,55","1539,65","606,7","2707,71","533,01","14103,52","251,4","913,27","139,01","513,2","26013,38",,    60669624  Aquisição kit vi,"212,07",0,0,"192,08",0,"404,15",,,
,    60669623  Aquis obj/arranj,0,0,"581,12",0,0,0,"1497,37",0,0,0,0,0,"2078,49",,    61519611  Manutenção de in,"2631,75","5111,54","2733,67","8074,81","5103,79","23655,56",,,
,    60669624  Aquisição kit vi,0,0,"83,49",0,0,0,0,0,"269,47",0,0,0,"352,96",,    61519612  Manutenção equip,"16,56","3,02",0,0,0,"19,58",,,
,    61579625  Aquisição mat in,0,"70,94",0,0,"3539,24",0,0,0,0,0,"1769,62",0,"5379,8",,    62629701  Telefones,"163,5","233,71","152,95","265,31",0,"815,47",,,
,    60669627  Aquis Mat Multis,0,123,16,30,"330,03","98,9",0,"864,39","139,27","234,74","112,22","150,5","2099,05",,    62619702  Correios,"38,51",0,"60,5","148,4",0,"247,41",,,
,    61519611  Manutenção de in,"4030,38","558,48",0,0,"783,4","2450,25","7839,88","4657,97","400,47","1170,67",0,"1769,62","23661,12",,    62629706  Telecomunicações,"1497,37","1497,37","1497,37","1497,37","1497,37","7486,85",,,
,    61519612  Manutenção equip,0,0,0,0,0,"59,63","36,67","19,8",63,"45,24","21,98","17,27","263,59",,    62869741  Cópias,"84,7",0,0,0,"326,7","411,4",,,
,    62629701  Telefones,"287,32","160,59","170,9","121,63","241,23","293,21","270,98","190,9","255,94","196,96","394,54","281,54","2865,74",,    62369742  Impressos,"202,3",0,"27,79",0,0,"230,09",,,
,    62619702  Correios,0,0,0,"48,55",39,"44,55","440,87",0,"53,17",0,0,0,"626,14",,    60649744  Outros mats escr,"296,9","140,5",0,"491,59","236,9","1165,89",,,
,    62629706  Telecomunicações,"1697,8","1697,8","1497,37","1497,37","1497,37","1497,37","1497,37","1497,37","1497,37","1497,37","1497,37","1497,37","18369,3",,    62569751  Ônibus e Táxi Vi,"1399,51","1990,65","1473,53","270,58","-270,58","4863,69",,,
,    62869741  Cópias,"535,42",0,0,0,0,"272,25","31,5",0,0,0,0,0,"839,17",,    62569753  Reembolso KM,"126,96","567,1","113,42","367,52","395,2","1570,2",,,
,    62369742  Impressos,"107,09","103,82","103,82","118,93","103,82","19,94","103,82","103,82",0,0,"103,82","108,32","977,2",,    62569779  Pedágio,"897,5","1250,2","664,9","2057,14","595,6","5465,34",,,
,    60649744  Outros mats escr,0,"495,12","2144,61","269,39",0,0,"503,57","44,7","320,77",0,"611,54",0,"4389,7",,    62569775  Cartão Combustív,"1065,77","1063,77","2448,09","1509,87","1511,87","7599,37",,,
,    62569751  Ônibus e Táxi Vi,"688,41","2408,11","1908,83","1589,23","1170,11","1443,55","1309,24","3470,17","1887,95",0,"2536,79",3272,"21684,39",,    62869776  Fretes e carreto,0,0,0,"5,56",0,"5,56",,,
,    62569753  Reembolso KM,"157,61","152,7",0,"310,69","257,8","50,9","513,18","381,1","116,36",0,"596,05","226,66","2763,05",,    63109583  Taxa munic/estad,0,0,0,"82,48","4323,51","4405,99",,,
,    62339755  Estadias e refei,0,0,0,0,"847,56",0,0,0,"116,31","183,01",0,0,"1146,88",,    62869653  Consultorias,"50,03","18,6","25,41","877,94","733,58","1705,56",,,
,    62569779  Pedágio,"5,4",0,0,442,1131,546,"905,2",78,0,0,"278,9","657,6","4044,1",,    62109654  Consultorias inf,"363,28","331,37",0,0,0,"694,65",,,
,    62569778  Estacionamento,9,0,0,0,0,0,0,0,0,0,0,0,9,,    62199681  Licenças,"183,15","-183,15",0,0,0,0,,,
,    62569775  Cartão Combustív,"1248,92","1710,92","1710,92","2892,15","2035,37","1809,13","2010,83","1470,29","1473,29","1470,29","1864,67","1063,77","20760,55",,    62869683  Treinamento pess,"365,65","311,23",0,"311,3",0,"988,18",,,
,    62869776  Fretes e carreto,0,0,0,0,0,"907,5",0,0,0,0,0,0,"907,5",,    62869686  Confraternizaçõe,0,0,"195,12","52,5",0,"247,62",,,
,    63109524  Outras Contrib s,0,0,0,0,"181,14",0,0,"190,4",0,0,0,0,"371,54",,    62209808  Interco - Outros,16,"46,93","77,93","45,32",0,"186,18",,,
,    63109583  Taxa munic/estad,0,0,"4124,35",0,"103,03",0,0,0,"1090,22",0,0,0,"5317,6",,    62839685  Analise física/b,0,0,0,0,"3584,62","3584,62",,,
,    62859791  Multas dedutívei,"0,01",0,"25,14",0,0,0,0,0,0,0,0,0,"25,15",,    62869502  Transf interna c,"72,47","25,47","141,18","6229,7",0,"6468,82",,,
,    62869653  Consultorias,"79,77","86,72","219,71","64,45",22,"20,28","20,81","94,53","78,71","35,82","71,87","41,83","836,5",,    62319721  Brindes,0,0,"1504,64",1815,0,"3319,64",,,
,    62109654  Consultorias inf,"131,23","147,48","166,21","166,89","73,35","164,02","176,36","143,05","153,94","138,13","143,63","149,23","1753,52",,,,,,,,,,,
,    62199681  Licenças,"123,94","123,94","132,92","123,94","123,94","123,94","123,94","123,94","123,94","123,94","123,94","123,94","1496,26",,,,,,,,,,,
,    62869683  Treinamento pess,"520,26","4036,93","773,84",0,0,"951,14","645,92","243,03","320,97","0,8",0,"312,73","7805,62",,,,,,,,,,,
,    62869686  Confraternizaçõe,0,0,0,0,"1,82",0,0,0,0,0,"74,98",0,"76,8",,,,,,,,,,,
,    62209808  Interco - Outros,0,"93,6","36,57",0,"211,01",0,0,"98,34",0,0,"119,19","9,24","567,95",,,,,,,,,,,
,    62839685  Analise física/b,0,0,0,0,"934,72",0,0,0,0,0,0,0,"934,72",,,,,,,,,,,
,    62869502  Transf interna c,"52,39","52,75","72,15","63,38","63,52","63,09","52,93","53,07","63,14","55,05","55,31","55,51","702,29",,,,,,,,,,,
,    62319712  Publicidades,0,0,0,0,"6,58",0,0,0,0,0,0,0,"6,58",,,,,,,,,,,
,    62319721  Brindes,0,"1633,5",1089,1815,0,"907,5","453,75","1361,25",0,0,0,0,7260,,,,,,,,,,,
,    60669641  Ordens Tangível,0,0,0,0,0,0,0,0,0,0,0,0,0,,,,,,,,,,,
,*   Outras Despesas,"18830,78","25654,6","26919,93","26629,78","11201,76","29462,36","24217,31","48460,98","24168,23","17569,43","17168,27","18582,99","288866,42",,*   Outras Despesas,"26060,18","25311,58","25683,67","26172,53","19490,08","122718,04",,,
,    70908052  Descto Financ.Fo,"-44051,48","-58666,57","-54484,15","-45410,05","-57566,96","-39260,81","-53204,69","-49177,02","-41213,4","-41655,5","-57139,44","-70546,12","-612376,19",,    70908052  Descto Financ.Fo,"-39878,38","-47925,45","-51496,48","-44007,64","-4704,26","-188012,21",,,
,    70908054  Bonificação Inte,"-1132,68","-1263,02","-1286,72","-1151,07","-1564,2","-1122,9","-1487,53","-1229,04","-1054,67","-1076,81","-1404,43","-31,63","-13804,7",,    70908054  Bonificação Inte,"-1231,97","-1380,33","-1631,5","-1489,63",0,"-5733,43",,,
,*   Bonificação,"-45184,16","-59929,59","-55770,87","-46561,12","-59131,16","-40383,71","-54692,22","-50406,06","-42268,07","-42732,31","-58543,87","-70577,75","-626180,89",,*   Bonificação,"-41110,35","-49305,78","-53127,98","-45497,27","-4704,26","-193745,64",,,
,**  Gross Profit Exc. IFRS16,"-70488,93","-142386,37","-70461,52","-94989,93","-66419,75","-49819,46","-151704,5","-8103,73","-28404,31","-8735,17","-30379,33","-141201,06","-863094,06",,**  Gross Profit Exc. IFRS16,"-103513,79","-123086,53","-41796,87","-17849,67","119655,58","-166591,28",,,
,*** *Total,"-70488,93","-142386,37","-70461,52","-94989,93","-66419,75","-49819,46","-151704,5","-8103,73","-28404,31","-8735,17","-30379,33","-141201,06","-863094,06",,*** *Total,"-103513,79","-123086,53","-41796,87","-17849,67","119655,58","-166591,28",,,
